iter,time,reward,steps,convergence
1,197.840508,-299.0,300.0,9.99
2,217.09027100000006,-299.0,300.0,9.791900000000002
3,167.850716,-299.0,300.0,9.441439
4,125.46680499999997,-299.0,300.0,8.967565590000001
5,78.8625409999999,-299.0,300.0,8.45042869589
6,48.302242000000106,-299.0,300.0,7.9578792851719005
7,110.85315800000006,-299.0,300.0,7.41053742349308
8,39.53498699999991,-299.0,300.0,7.173841925927036
9,24.105840000000043,-299.0,300.0,6.413441596805292
10,19.754867999999924,-299.0,300.0,5.921161338677936
11,7.373665000000029,-299.0,300.0,5.417904878328995
12,18.284479000000076,-299.0,300.0,5.193786027847024
13,41.68622700000002,-299.0,300.0,4.903713700740907
14,8.902917999999982,-299.0,300.0,5.0081728091624065
15,13.351091999999953,-299.0,300.0,4.915681381538645
16,13.590057000000044,-299.0,300.0,5.107319265379506
17,13.121740999999965,-299.0,300.0,4.919064088848553
18,9.279615000000074,-299.0,300.0,4.556670916494021
19,18.418470000000077,-299.0,300.0,4.571490914861212
20,9.771956000000026,-299.0,300.0,4.386169874324812
21,9.499227999999915,-299.0,300.0,4.137909607142293
22,17.01090999999999,-299.0,300.0,3.7071350306663233
23,25.959976999999856,-299.0,300.0,3.619718196740469
24,21.19383099999994,-299.0,300.0,3.225850327814708
25,16.94795300000007,-299.0,300.0,3.0010462642659332
26,42.46411800000005,-299.0,300.0,2.624533910136339
27,26.215185000000083,-299.0,300.0,2.747244762017278
28,15.088310999999965,-299.0,300.0,2.6118048835848535
29,24.076014999999895,-299.0,300.0,2.5393799565960586
30,12.401553999999981,-299.0,300.0,2.3834244824205024
31,11.762084999999978,-299.0,300.0,2.3780026660913163
32,20.636156000000128,-299.0,300.0,2.478710656961964
33,21.192933999999887,-299.0,300.0,2.4450976299471394
34,6.468714999999792,-299.0,300.0,2.402320420595004
35,8.03929400000003,-299.0,300.0,2.337258978905262
36,6.21400900000002,-299.0,300.0,2.338542771443774
37,7.4296280000001325,-299.0,300.0,2.1043946009591155
38,8.838187000000053,-299.0,300.0,2.0818946948959516
39,8.788381000000012,-299.0,300.0,2.2068095864459147
40,7.372963999999982,-299.0,300.0,2.2870146840421515
41,5.001696000000111,-299.0,300.0,2.2212612693062304
42,6.549695999999994,-299.0,300.0,2.102874568136872
43,3.98480499999998,-299.0,300.0,2.095821226172387
44,4.477112000000005,-299.0,300.0,2.0160723741805873
45,3.251802999999942,-299.0,300.0,2.2473575842824003
46,4.063498000000054,-299.0,300.0,2.077877432181534
47,8.489175999999876,-299.0,300.0,2.1028742909714118
48,8.767224999999934,-299.0,300.0,2.2473297782833628
49,3.607780999999921,-299.0,300.0,2.158268478638529
50,3.281620999999957,-299.0,300.0,2.1412047331236184
51,210.293874,-299.0,300.0,2.2374153165405097
52,6.546192000000062,-299.0,300.0,2.292991008379473
53,12.610822000000077,-299.0,300.0,2.257957488939163
54,3.653079999999864,-299.0,300.0,2.3676167647378663
55,2.8938360000001495,-299.0,300.0,2.2007190498847855
56,5.593064999999786,-299.0,300.0,2.172148373227425
57,6.370927000000304,-299.0,300.0,2.1579993193678475
58,10.902776000000003,-299.0,300.0,1.8911800878975125
59,6.686726000000309,-299.0,300.0,1.8909799405841028
60,8.648278999999981,-299.0,300.0,1.8055553444830494
61,2.9338430000001026,-299.0,300.0,1.7217265553435446
62,3.112350000000319,-299.0,300.0,1.8110223556123963
63,6.494561000000232,-299.0,300.0,1.8690274524159123
64,5.1131400000001825,-299.0,300.0,1.9173409486051773
65,2.8856609999996508,-299.0,300.0,1.965509901525484
66,6.523008999999913,-299.0,300.0,1.945605186891051
67,3.7095499999999504,-299.0,300.0,1.9008883978946773
68,5.779054000000006,-299.0,300.0,1.8660254894092243
69,3.3486950000001237,-299.0,300.0,1.7288035982518448
70,8.053262000000228,-299.0,300.0,1.6917920853297812
71,3.463009999999933,-299.0,300.0,1.6320377899732617
72,3.5836350000000294,-299.0,300.0,1.426686984183469
73,12.059241999999859,-299.0,300.0,1.296477998164995
74,2.6953030000003153,-299.0,300.0,1.2686274871344405
75,5.665050000000171,-299.0,300.0,1.2093339243948507
76,2.820890000000187,-299.0,300.0,1.2631191362547047
77,4.508633000000373,-299.0,300.0,1.285049793081861
78,3.5993100000002443,-299.0,300.0,1.267216989221465
79,4.856816000000208,-299.0,300.0,1.3741784659034209
80,7.718722999999983,-299.0,300.0,1.4882416080724794
81,8.95473899999999,-299.0,300.0,1.5310441939298784
82,14.69276099999961,-299.0,300.0,1.5817017460065887
83,2.2771810000001835,-299.0,300.0,1.5269297356259988
84,5.111313000000006,-299.0,300.0,1.4440089059722985
85,9.866659999999694,-299.0,300.0,1.4950376204704927
86,5.961348000000033,-299.0,300.0,1.4413586338342501
87,18.734655999999905,-124.0,226.0,1.5216927934877464
88,7.523609000000153,-299.0,300.0,1.639785234294509
89,5.849105999999882,-299.0,300.0,1.5352584904784246
90,17.10169699999975,-299.0,300.0,1.4785906814031557
91,12.034309000000132,-84.0,186.0,1.4522257539466183
92,4.808649999999748,-299.0,300.0,1.4792000192581258
93,8.975995000000125,-299.0,300.0,1.5307171822313517
94,5.287998000000016,-299.0,300.0,1.5215351488122042
95,7.846733999999689,-299.0,300.0,1.4331943516315162
96,3.4136590000000133,-299.0,300.0,1.3915879590563276
97,10.545940999999726,-299.0,300.0,1.359371542911337
98,3.378239999999977,-299.0,300.0,1.3175988467267234
99,1.5615350000000028,-299.0,300.0,1.282315244498775
100,2.0555920000000505,-181.0,283.0,1.1941492409467451
101,2.0770759999999555,-299.0,300.0,1.3042309908919372
102,2.717706999999958,-299.0,300.0,1.276932705975326
103,3.0145269999999336,-299.0,300.0,1.2161445494139784
104,8.991555000000151,-299.0,300.0,1.153058990653016
105,6.928654000000201,-62.0,164.0,1.1198838909947688
106,4.0743999999999225,-100.0,202.0,1.2821019785955667
107,3.050524999999915,-137.0,239.0,1.2019718690883217
108,1.8480000000002939,-299.0,300.0,1.142654286579664
109,1.7305949999997239,-299.0,300.0,1.2039679271953752
110,1.9377680000003394,-299.0,300.0,1.237722954616532
111,2.3731930000003842,-299.0,300.0,1.1278987113211447
112,3.582166999999803,-299.0,300.0,1.1240517572103248
113,2.391495999999993,-299.0,300.0,1.1914612547353318
114,2.173859,-299.0,300.0,1.1799115799539013
115,1.799506999999867,-299.0,300.0,1.137995294916799
116,2.7927569999999236,-299.0,300.0,1.0244307914236435
117,1.993290999999786,-54.0,156.0,0.9990742610393136
118,0.9691349999996213,-299.0,300.0,1.1106486715698056
119,1.314009000000116,-299.0,300.0,1.1764870892455037
120,7.056329999999722,-299.0,300.0,1.1831747101361871
121,2.9245109999997965,-146.0,248.0,1.1789141222697581
122,1.4416850000000814,-299.0,300.0,1.1646873243237896
123,0.9727859999997257,-299.0,300.0,1.103428863864663
124,1.4037730000002746,-62.0,164.0,1.269675922347416
125,1.7410149999999014,-155.0,257.0,1.3497466696887046
126,3.1305899999996,-299.0,300.0,1.3276523392173332
127,2.532561000000211,-299.0,300.0,1.3378643597924273
128,2.17804800000021,-299.0,300.0,1.1970620928128555
129,2.68043699999998,-299.0,300.0,1.129612579905643
130,6.657083000000341,-299.0,300.0,1.121176663734103
131,2.6309939999999976,-299.0,300.0,1.1817711509993702
132,2.4016219999998256,-299.0,300.0,1.2357049587839255
133,2.626407000000164,-96.0,198.0,1.262261134658151
134,3.1219000000000108,-299.0,300.0,1.1963431434656395
135,1.6444139999998164,-16.0,118.0,1.1979399474112862
136,2.693359999999867,-299.0,300.0,1.273893450416737
137,2.4504090000001533,-299.0,300.0,1.3469912853029948
138,4.02814600000001,-299.0,300.0,1.3596032283372104
139,2.9743529999999296,0.0,102.0,1.4277054322882834
140,1.552929999999897,-299.0,300.0,1.4748809957071187
141,1.7387269999997734,-191.0,293.0,1.462747216238217
142,1.9901679999998478,-185.0,287.0,1.452044660337814
143,2.0499370000002237,-27.0,129.0,1.499177277566328
144,2.0841790000001303,-48.0,150.0,1.4025594453922872
145,1.3279799999996733,-299.0,300.0,1.3662296052683196
146,6.186980999999925,-24.0,126.0,1.259212722205131
147,2.503318000000032,-299.0,300.0,1.282340618726593
148,2.4936359999996327,-197.0,299.0,1.449268778305808
149,1.2681680000001805,-107.0,209.0,1.353576051230816
150,4.40854799999979,3.0,99.0,1.3240053504494462
151,2.233663999999802,-26.0,128.0,1.3110580817107604
152,1.500733999999948,-299.0,300.0,1.2745859380285538
153,1.9387929999998832,-118.0,220.0,1.2228156416687614
154,1.4456780000000613,-299.0,300.0,1.3583366233880132
155,1.2581560000000103,-299.0,300.0,1.3321005074404542
156,1.5241000000001392,-85.0,187.0,1.366903674856197
157,1.4889380000000507,21.0,81.0,1.2842808393339804
158,2.6033890000003446,-8.0,110.0,1.2115552067376594
159,1.3497340000001579,-299.0,300.0,1.2808418510335802
160,1.5771700000000166,-58.0,160.0,1.4071238904966816
161,2.7165209999999718,-299.0,300.0,1.3332226870127866
162,1.3967649999999665,-21.0,123.0,1.4299553322990275
163,1.502211000000031,-299.0,300.0,1.3951281318610227
164,5.353652000000153,-70.0,172.0,1.3432309088938255
165,1.4584740000000984,-1.0,103.0,1.511103172849522
166,4.019702000000347,-16.0,118.0,1.5290295197632486
167,1.0502450000000607,-299.0,300.0,1.6361372900094573
168,2.093802000000089,-10.0,112.0,1.5339092263683616
169,1.619160000000175,3.0,99.0,1.6094395362524778
170,1.9526019999998034,-146.0,248.0,1.5459764394238802
171,1.4573950000000835,15.0,87.0,1.5647586280639763
172,1.7693300000001244,-37.0,139.0,1.4615476113712111
173,2.568324999999927,-13.0,115.0,1.5197776635300164
174,1.651974000000056,-78.0,180.0,1.5683382905388603
175,5.343600999999865,-33.0,135.0,1.5133633170686855
176,9.811519999999962,-299.0,300.0,1.4832891786384041
177,1.317258999999904,-17.0,119.0,1.3964716411498084
178,1.9298170000001669,10.0,92.0,1.3896513704093079
179,1.9400359999997008,0.0,102.0,1.3347230401802617
180,0.7591280000003309,-299.0,300.0,1.2767779098976189
181,1.8276249999997773,12.0,90.0,1.3503632345249064
182,2.4767059999999397,8.0,94.0,1.3628554092007907
183,0.8734860000001454,0.0,102.0,1.3434629288388682
184,1.7678729999999199,18.0,84.0,1.2866707424281205
185,1.313544999999916,24.0,78.0,1.21770701334862
186,1.0367699999997981,-49.0,151.0,1.2964201379227063
187,2.628136999999864,28.0,74.0,1.3144048611302708
188,1.2529309999997906,25.0,77.0,1.3017501378763696
189,1.1485260000001496,12.0,90.0,1.2940432877336527
190,1.178501000000054,18.0,84.0,1.2540222543296942
191,1.8449029999998423,29.0,73.0,1.2005641657732624
192,1.3782010000000788,31.0,71.0,1.141045178640859
193,2.0197980000000726,-22.0,124.0,1.1317315818507427
194,1.3875770000000287,24.0,78.0,1.0701211056130706
195,1.6960629999998034,-7.0,109.0,1.198849136603774
196,1.8827879999996355,18.0,84.0,1.1445602406863924
197,2.235698999999869,26.0,76.0,1.1233538135769823
198,1.8583309999997688,-22.0,124.0,1.2670484064353533
199,2.7302519999996555,-299.0,300.0,1.2695800386078244
200,1.2955390000000122,22.0,80.0,1.4037280309567262
201,1.5430929999999954,1.0,101.0,1.4457183598053096
202,1.0235370000000188,31.0,71.0,1.485695955987579
203,1.2531570000002823,5.0,97.0,1.5383665839811713
204,1.4824869999996437,26.0,76.0,1.5156760168385766
205,1.708090000000162,-90.0,192.0,1.4068277505155486
206,1.2768529999998002,-299.0,300.0,1.371501624004002
207,1.586829999999928,19.0,83.0,1.414017476266053
208,2.4877109999996705,26.0,76.0,1.4061517498162324
209,0.985320999999928,36.0,66.0,1.3241548622377521
210,1.1471830000000516,-2.0,104.0,1.216301667638885
211,1.3080479999998396,28.0,74.0,1.1692588003785693
212,1.3299440000000828,14.0,88.0,1.2550165764050163
213,2.2014189999999267,23.0,79.0,1.1642259418565395
214,2.056548999999741,25.0,77.0,1.2381015444240375
215,1.6799169999996977,26.0,76.0,1.223051427960207
216,3.0704660000000494,24.0,78.0,1.2997578783944206
217,2.2167509999997392,30.0,72.0,1.2461703276014533
218,1.8328950000001676,18.0,84.0,1.3062191582565164
219,2.523120000000212,19.0,83.0,1.4324959541361673
220,1.360532000000081,16.0,86.0,1.511694379215428
221,1.117747999999974,38.0,64.0,1.5086712838095309
222,7.123441000000064,21.0,81.0,1.4353177567306035
223,0.9733700000000844,15.0,87.0,1.50373241183594
224,1.5829439999999195,31.0,71.0,1.5419525350237173
225,0.8978000000001707,12.0,90.0,1.5820547474912359
226,1.5795629999999505,13.0,89.0,1.574233928180432
227,1.4208450000001704,17.0,85.0,1.5071021053284808
228,1.9860379999996347,33.0,69.0,1.3864024638259023
229,1.5733519999998613,25.0,77.0,1.2863153029842036
230,1.5048550000003047,21.0,81.0,1.316205552516912
231,1.659091000000057,21.0,81.0,1.2863251001044218
232,1.3000709999997362,13.0,89.0,1.3807667773758356
233,1.4973409999998744,23.0,79.0,1.3754335457752478
234,1.8536119999996714,13.0,89.0,1.3719297362995095
235,0.9370330000000315,34.0,68.0,1.3455523048053495
236,1.0347029999997481,31.0,71.0,1.4412094510359432
237,1.9363330000001788,17.0,85.0,1.5046064555750736
238,1.3557959999999092,16.0,86.0,1.5578480201698806
239,1.1811299999999747,13.0,89.0,1.5686087611909305
240,1.0990309999998615,22.0,80.0,1.5370809344147804
241,1.1281579999997682,35.0,67.0,1.485359684062286
242,1.7774059999999814,22.0,80.0,1.3557697270353066
243,1.2081579999998482,20.0,82.0,1.2963116540128454
244,1.1623170000003569,25.0,77.0,1.1466816311448214
245,1.5129990000000149,22.0,80.0,1.1172946206728838
246,1.4735679999997586,27.0,75.0,1.0990671261490732
247,1.5968200000000543,21.0,81.0,1.1115762871232113
248,1.064517000000098,32.0,70.0,1.1018457765817842
249,1.4724670000001439,34.0,68.0,1.0266799656094712
250,1.4878949999999058,15.0,87.0,1.0129581886522252
251,1.1089170000002646,19.0,83.0,1.0812462450887517
252,1.0340000000002014,37.0,65.0,1.1619232644046342
253,0.9318829999998002,5.0,97.0,1.3002593648497935
254,0.9748219999998753,27.0,75.0,1.3323777885517814
255,1.0876300000002281,29.0,73.0,1.2812731580851604
256,0.903569000000104,19.0,83.0,1.1718957179834593
257,1.1204870000001144,25.0,77.0,1.2204515220361831
258,1.7632409999999155,13.0,89.0,1.1566197853514968
259,0.9197180000000138,25.0,77.0,1.2061636826305562
260,0.7283149999999239,24.0,78.0,1.1768367896174792
261,0.8200180000002,34.0,68.0,1.1613649804442285
262,1.2983690000001324,20.0,82.0,1.222851666785108
263,1.1993650000001743,33.0,69.0,1.155226455334822
264,0.937251999999944,27.0,75.0,1.2094557552523593
265,1.1466590000002164,23.0,79.0,1.356475847044798
266,0.980831999999765,23.0,79.0,1.3619103483268495
267,0.9213020000000682,26.0,76.0,1.3056581522238724
268,1.1101270000000163,8.0,94.0,1.4500035841313597
269,0.9819389999998762,23.0,79.0,1.410474163488511
270,0.9916840000001592,24.0,78.0,1.3291406059676105
271,1.1878699999998688,21.0,81.0,1.4282032167383036
272,1.1447260000001513,22.0,80.0,1.3228100933209574
273,0.9939420000000254,23.0,79.0,1.318319356616103
274,0.9455150000001744,16.0,86.0,1.3063044345697883
275,1.2528810000000945,25.0,77.0,1.2566289293731672
276,1.0192639999999642,25.0,77.0,1.3173448321031103
277,1.4184010000000136,25.0,77.0,1.2775030919297783
278,1.3002840000000404,20.0,82.0,1.1231194017192263
279,2.130325999999627,25.0,77.0,1.2585366919025698
280,1.2103900000002277,12.0,90.0,1.3458398970053547
281,1.0804460000000127,11.0,91.0,1.2625725132869117
282,1.2074209999997088,26.0,76.0,1.2919838075140628
283,0.9439449999999461,23.0,79.0,1.3726696889539451
284,1.2602609999996517,27.0,75.0,1.4764892317254248
285,1.0694589999999948,32.0,70.0,1.4849519807903324
286,0.8404249999998115,14.0,88.0,1.4056392045485313
287,1.181125000000005,15.0,87.0,1.4693833559302836
288,0.9590500000000723,36.0,66.0,1.4784757215134838
289,0.7494870000002152,19.0,83.0,1.512213225383872
290,1.143920000000076,32.0,70.0,1.6174214134618161
291,1.0215719999999706,24.0,78.0,1.6225759623373321
292,0.8762940000002217,25.0,77.0,1.5576190252310176
293,1.428130000000305,11.0,91.0,1.518852876937789
294,1.1239899999999636,26.0,76.0,1.5501246630942567
295,0.9131420000003665,33.0,69.0,1.5113356402461526
296,0.8525520000000064,27.0,75.0,1.5901410728421923
297,0.8526300000002429,24.0,78.0,1.494608408887347
298,0.8650160000001073,28.0,74.0,1.4927757623425975
299,0.9971740000001006,15.0,87.0,1.4646219436798447
300,1.0968880000001846,30.0,72.0,1.277013508061883
301,1.441048999999861,25.0,77.0,1.27468915371011
302,2.0795129999999773,22.0,80.0,1.3118373730566717
303,1.1252970000001916,23.0,79.0,1.2557455599129212
304,1.4084690000002453,30.0,72.0,1.2561383473147232
305,1.0480010000000206,16.0,86.0,1.22844014685339
306,1.981686000000149,-3.0,105.0,1.11100475446435
307,1.549269999999936,27.0,75.0,1.2610145032123206
308,2.025243999999926,34.0,68.0,1.4318520066559752
309,2.1559349999997757,16.0,86.0,1.3765058261810832
310,42.898639999999766,34.0,68.0,1.4408154757154374
311,1.7089970000001564,16.0,86.0,1.5420409820184358
312,14.622897999999829,20.0,82.0,1.5031148979725413
313,1.656115000000291,9.0,93.0,1.4602388600285738
314,0.9645549999999226,22.0,80.0,1.3554268114179582
315,1.488600000000062,24.0,78.0,1.4432182469041233
316,1.1164940000001344,5.0,97.0,1.501974173569091
317,1.7862930000003274,25.0,77.0,1.5146076941748485
318,1.5433639999997695,27.0,75.0,1.3786818615256542
319,2.6287640000002277,29.0,73.0,1.4202084319120296
320,1.8853669999998601,25.0,77.0,1.425656339617408
321,1.9674539999998686,28.0,74.0,1.3282922327430355
322,2.6376869999999997,29.0,73.0,1.472459688959455
323,4.306367999999949,27.0,75.0,1.5688021232618348
324,4.347764999999892,13.0,89.0,1.509064310355513
325,4.244025000000207,23.0,79.0,1.4148254073333788
326,4.137387999999742,14.0,88.0,1.444200635738948
327,5.630259000000137,24.0,78.0,1.3385254160517697
328,4.417807999999912,17.0,85.0,1.4112359078189096
329,3.0878880000000386,38.0,64.0,1.3853911153253387
330,2.152056999999985,26.0,76.0,1.3005395361033814
331,3.208792000000127,22.0,80.0,1.2857415726370651
332,2.9441459999999253,23.0,79.0,1.2126468822966783
333,3.4453180000002526,26.0,76.0,1.254101679491814
334,2.760179999999668,23.0,79.0,1.2448821132336738
335,3.020066999999571,30.0,72.0,1.2427940635816475
336,3.997154000000336,31.0,71.0,1.2546627006561626
337,3.162098000000224,36.0,66.0,1.269365947953347
338,4.737813000000202,14.0,88.0,1.2186604823676572
339,4.364062000000057,22.0,80.0,1.1431169366516951
340,5.041073999999757,29.0,73.0,1.3170624537121678
341,3.1773690000003185,9.0,93.0,1.4525898333877003
342,3.4648360000000267,36.0,66.0,1.4480973872780702
343,3.561284000000331,22.0,80.0,1.4689491412481992
344,3.614042999999789,30.0,72.0,1.5758033334790695
345,3.7108999999997394,30.0,72.0,1.6185044023098079
346,5.233226000000091,32.0,70.0,1.6507332432343091
347,4.111119000000052,25.0,77.0,1.6320129516410418
348,3.0990980000003,17.0,85.0,1.7126646208496603
349,4.1398120000000205,28.0,74.0,1.7476070337977867
350,5.357735999999669,34.0,68.0,1.7239190320569115
351,3.437353000000254,5.0,97.0,1.6625678098619248
352,3.1262779999998713,25.0,77.0,1.5833148292646833
353,2.7107960000001263,37.0,65.0,1.4519883063717025
354,3.0539120000003805,26.0,76.0,1.4646765942096451
355,1.915525000000251,17.0,85.0,1.4535004830215634
356,3.4678960000000814,25.0,77.0,1.3797448372591163
357,3.1820209999997573,7.0,95.0,1.4431091277319923
358,3.141019999999717,20.0,82.0,1.3381873945882377
359,3.304850000000137,20.0,82.0,1.3111248840326781
360,4.090337000000055,30.0,72.0,1.166204949916875
361,2.4809160000001107,26.0,76.0,1.1373444788914366
362,3.150087000000301,36.0,66.0,1.1866477980259713
363,3.2645659999999133,26.0,76.0,1.317859712593012
364,3.006350999999796,34.0,68.0,1.3641250197846784
365,4.858382999999744,13.0,89.0,1.499291798469991
366,5.119634000000151,23.0,79.0,1.4653001049483234
367,4.46326000000008,36.0,66.0,1.4480086899026032
368,5.87696900000001,22.0,80.0,1.4807082056093432
369,6.060515999999794,23.0,79.0,1.5522344874912226
370,3.490192000000114,10.0,92.0,1.6411560049322176
371,5.119827999999771,15.0,87.0,1.6546265472058024
372,5.880438999999793,19.0,83.0,1.6267968488914242
373,4.5387260000002705,22.0,80.0,1.5767196325733053
374,4.216878000000257,21.0,81.0,1.3957706649824544
375,4.5359930000001825,12.0,90.0,1.2837493007555418
376,4.225992999999928,28.0,74.0,1.29657641954832
377,4.786865000000251,17.0,85.0,1.2188448886189553
378,3.202745999999923,23.0,79.0,1.2628144953142089
379,6.723961000000056,22.0,80.0,1.2900659869439812
380,2.644434000000029,23.0,79.0,1.290850434973869
381,2.008068000000307,15.0,87.0,1.275681116229649
382,1.5265090000000647,35.0,67.0,1.445030733541705
383,3.5014979999998808,20.0,82.0,1.3932934319854973
384,1.7611589999999566,29.0,73.0,1.4853676798811086
385,1.8742050000000177,28.0,74.0,1.5280168554200402
386,1.776043000000005,24.0,78.0,1.6574970781531448
387,1.5713600000002437,33.0,69.0,1.6841435987655522
388,1.0812250000000745,10.0,92.0,1.5988667287807288
389,1.5719309999999709,26.0,76.0,1.6082770267614273
390,1.1017469999998752,26.0,76.0,1.65570781057923
391,1.5466609999998937,28.0,74.0,1.5657786043726922
392,1.997084999999732,22.0,80.0,1.4323935427188181
393,1.5253799999999096,35.0,67.0,1.5408464682981637
394,1.0758699999997567,12.0,90.0,1.4867797820712334
395,1.2780509999998912,31.0,71.0,1.4160105887983776
396,1.9839300000001892,33.0,69.0,1.2971764105919874
397,2.2292820000000546,15.0,87.0,1.307701377138963
398,1.3137709999999636,22.0,80.0,1.307339025986444
399,1.3051410000000097,27.0,75.0,1.1814164128821112
400,1.8768489999998472,6.0,96.0,1.0432698267457046
401,2.0246489999999895,30.0,72.0,1.147371108013942
402,1.7208410000000285,26.0,76.0,1.22298639905619
403,1.8836639999997296,29.0,73.0,1.2019320882098015
404,2.058684999999727,20.0,82.0,1.1788610984115155
405,1.568997999999766,33.0,69.0,1.204123904000318
406,1.1724869999998333,25.0,77.0,1.3311560684066581
407,1.3676269999995938,23.0,79.0,1.3480527651875736
408,2.5553309999999385,17.0,85.0,1.3758784889950118
409,2.0557910000000845,11.0,91.0,1.4113376407350304
410,1.4888819999998582,17.0,85.0,1.4999093324677453
411,1.0692930000000267,5.0,97.0,1.482916555615742
412,1.0418620000001155,28.0,74.0,1.4573365106803515
413,0.8135790000003418,25.0,77.0,1.3563990419350067
414,0.7585899999997814,24.0,78.0,1.3717318073209157
415,1.2992239999998212,22.0,80.0,1.3537282352922566
416,1.592878999999936,27.0,75.0,1.3133751752888465
417,1.6684790000001115,26.0,76.0,1.3643703084662213
418,2.689274000000186,16.0,86.0,1.4162832485600796
419,1.7622999999997724,30.0,72.0,1.4328046826862662
420,1.8764460000002536,9.0,93.0,1.423072817928854
421,2.882446000000094,20.0,82.0,1.3568242962689994
422,0.9094740000001877,26.0,76.0,1.3689748266166404
423,0.9675539999998151,23.0,79.0,1.4573304417287496
424,0.8544240000003533,27.0,75.0,1.4223897719628162
425,0.8969020000000327,32.0,70.0,1.4282601533946953
426,0.9209900000000104,22.0,80.0,1.341762082133141
427,2.1274540000000286,25.0,77.0,1.3681046309862637
428,0.943792999999804,29.0,73.0,1.2576209653968604
429,1.5114750000000399,22.0,80.0,1.3102959729333548
430,2.034511000000183,24.0,78.0,1.2944619147274365
431,1.4387920000000776,21.0,81.0,1.2625165931387463
432,1.590007999999976,16.0,86.0,1.1925672478679439
433,0.8494130000000766,25.0,77.0,1.0757439252737846
434,1.2889670000002518,20.0,82.0,1.2256653573812486
435,1.0335660000002633,7.0,95.0,1.226916416469924
436,0.7834179999997026,23.0,79.0,1.2868024476054685
437,2.1461719999997797,27.0,75.0,1.2169450834466056
438,1.512007000000093,37.0,65.0,1.2924285443598564
439,2.22558099999981,37.0,65.0,1.3773631309862513
440,1.9783840000000552,25.0,77.0,1.4560464058211207
441,1.6252469999997743,21.0,81.0,1.4915287859946755
442,1.5105680000000454,28.0,74.0,1.541301182509687
443,1.7518140000003513,32.0,70.0,1.5778372560759917
444,0.8500619999995962,30.0,72.0,1.423814783972242
445,3.332848999999971,25.0,77.0,1.4909623971247679
446,2.344987000000298,30.0,72.0,1.5136924769185907
447,1.3687499999996966,15.0,87.0,1.5043135319471115
448,0.9853870000000597,24.0,78.0,1.520230544336845
449,1.972914999999631,28.0,74.0,1.409631576991049
450,1.506541000000361,23.0,79.0,1.3702239515048376
451,0.8879820000000649,29.0,73.0,1.4345607409865828
452,0.8224980000002269,0.0,102.0,1.429108915458695
453,0.8163159999998726,26.0,76.0,1.4642953700952823
454,0.9249049999997538,24.0,78.0,1.5623510501219164
455,1.1814160000001017,35.0,67.0,1.5151331263451944
456,0.9801400000002403,29.0,73.0,1.4597580190994577
457,0.7915419999999784,32.0,70.0,1.5756326444341588
458,1.0579349999999543,27.0,75.0,1.561741205317086
459,1.178809000000225,29.0,73.0,1.5039283950795537
460,1.112684000000197,24.0,78.0,1.4924156823504227
461,1.2241560000001428,10.0,92.0,1.4506621275527152
462,1.121849000000008,31.0,71.0,1.3666644770181051
463,1.15698799999997,15.0,87.0,1.3200748719696604
464,1.4911760000000385,23.0,79.0,1.2708435371805138
465,0.9300000000003195,14.0,88.0,1.295193705262116
466,0.8637959999999723,23.0,79.0,1.3392536725818338
467,1.0492439999998382,29.0,73.0,1.2149172373369943
468,1.716802999999878,29.0,73.0,1.1923557924267087
469,1.6597630000001473,35.0,67.0,1.1922502020977717
470,0.94189999999994,25.0,77.0,1.2565766126037539
471,0.9451889999998464,30.0,72.0,1.2547459243187091
472,1.082355999999951,21.0,81.0,1.266958510874801
473,1.0373359999999998,32.0,70.0,1.384507247797245
474,1.7807979999999723,23.0,79.0,1.441052136615054
475,6.84033599999978,21.0,81.0,1.4847564178255972
476,1.2632939999996928,34.0,68.0,1.3751600494748133
477,1.9192959999996262,34.0,68.0,1.356738537163821
478,0.969530999999968,26.0,76.0,1.4816344283065455
479,4.083587000000222,26.0,76.0,1.474679047361258
480,2.297733000000246,19.0,83.0,1.4231098727180371
481,1.7052420000003288,22.0,80.0,1.4131218627127988
482,1.0730370000002765,26.0,76.0,1.4885394930692353
483,1.665194000000092,26.0,76.0,1.4422824306597657
484,1.5882319999995786,12.0,90.0,1.3920706381290298
485,1.2696340000002415,16.0,86.0,1.3374299798662226
486,1.1821020000000182,27.0,75.0,1.3665084229861075
487,0.9390559999999937,22.0,80.0,1.3851775555038128
488,1.2946010000001174,17.0,85.0,1.1866382316234945
489,0.9209460000003666,31.0,71.0,1.3054172414433936
490,2.0801350000003715,23.0,79.0,1.1921130611136719
491,0.7079999999999309,19.0,83.0,1.2750763872184634
492,1.0277950000001645,17.0,85.0,1.2225673893646936
493,0.8889709999997386,35.0,67.0,1.1836999955979217
494,1.1898150000000385,32.0,70.0,1.1662202755757647
495,0.8426770000000694,31.0,71.0,1.2097416490200636
496,0.9172010000000341,23.0,79.0,1.3266986694165772
497,0.7153149999998831,19.0,83.0,1.2958814839183
498,0.7872319999999711,24.0,78.0,1.2711304978323166
499,1.0655910000001434,26.0,76.0,1.2172113064002932
500,1.2091509999998529,27.0,75.0,1.2721093151671627
501,0.9618919999998532,25.0,77.0,1.3038430732899937
502,0.9100480000001632,5.0,97.0,1.2421881554295087
503,1.033392999999716,25.0,77.0,1.1944371757523076
504,0.8873019999997567,26.0,76.0,1.1971140163044058
505,1.2663069999998555,30.0,72.0,1.2624273168399558
506,0.8148779999999078,23.0,79.0,1.1598723439073364
507,0.9552689999998698,32.0,70.0,1.1483998286744748
508,1.079137999999702,29.0,73.0,1.2684808063605353
509,1.432506,15.0,87.0,1.2836016358770486
510,0.9338039999997605,24.0,78.0,1.3379226398073398
511,0.9914960000001471,30.0,72.0,1.2993040977178403
512,1.0933009999996024,33.0,69.0,1.36747810847179
513,1.234950000000179,28.0,74.0,1.3910138389308222
514,1.8531859999999512,24.0,78.0,1.39736835184398
515,1.7012209999998085,21.0,81.0,1.2862292911809547
516,1.497877999999897,24.0,78.0,1.308252248767186
517,1.1931280000001543,23.0,79.0,1.4609241200116891
518,1.2948300000004132,15.0,87.0,1.3533175678842546
519,1.3359219999999894,25.0,77.0,1.3376738177308731
520,1.233888999999877,31.0,71.0,1.343062831724292
521,2.0526269999998625,29.0,73.0,1.3083585092871595
522,1.0259590000001317,27.0,75.0,1.4216708947511498
523,1.3023869999999604,35.0,67.0,1.4733442447891938
524,1.5137529999997845,10.0,92.0,1.5653042635533658
525,1.7032510000003498,21.0,81.0,1.6193291118910849
526,0.9773779999999732,28.0,74.0,1.602379996833615
527,0.9955550000002589,30.0,72.0,1.5261393268203094
528,1.0555849999995814,29.0,73.0,1.6184464537536534
529,1.7147340000001066,32.0,70.0,1.577459558539833
530,0.886594999999879,25.0,77.0,1.4441613108478144
531,0.8394919999998862,24.0,78.0,1.4329290904083052
532,0.7654900000000353,21.0,81.0,1.3168944569572603
533,0.7204889999998798,11.0,91.0,1.2263105252112978
534,1.0446299999999908,23.0,79.0,1.2173089718625754
535,0.9717360000003339,20.0,82.0,1.154492710635769
536,1.796311000000106,7.0,95.0,1.2159594635829876
537,1.0930830000002167,18.0,84.0,1.29510630039166
538,1.1002509999999965,23.0,79.0,1.210346265597262
539,0.862067000000355,30.0,72.0,1.2929756034883098
540,0.897034999999935,32.0,70.0,1.3325425795262582
541,1.1752039999999297,13.0,89.0,1.3953457044221103
542,1.0455930000001779,30.0,72.0,1.4416584204774978
543,0.8549659999999015,30.0,72.0,1.5089000231836416
544,1.5919929999999027,27.0,75.0,1.4791541119712535
545,0.8822300000002059,22.0,80.0,1.4508222488337637
546,0.9124039999997002,24.0,78.0,1.3526647835799779
547,0.7154049999997802,31.0,71.0,1.2347481997169865
548,1.2066989999999223,21.0,81.0,1.3687809864582157
549,0.7853799999999467,14.0,88.0,1.3645633701855844
550,1.3846049999997057,18.0,84.0,1.3294771236137157
551,0.9129720000000674,21.0,81.0,1.1830074104830834
552,0.8400330000002398,6.0,96.0,1.1984647986760248
553,0.7640009999998476,18.0,84.0,1.2330623860014644
554,0.8127280000000958,25.0,77.0,1.2299354577350121
555,0.7515600000003175,29.0,73.0,1.2154083193611958
556,0.7981620000001577,20.0,82.0,1.2019136879272911
557,0.8636289999999214,24.0,78.0,1.2640777252817306
558,0.9291890000002745,24.0,78.0,1.2065870649448647
559,1.2649969999998234,19.0,83.0,1.1593838543177168
560,0.7619590000000898,18.0,84.0,1.2578172817198883
561,0.8444979999997493,19.0,83.0,1.312425385495039
562,1.0763959999997574,23.0,79.0,1.2856571034113493
563,1.0778479999999924,13.0,89.0,1.3225822273048273
564,0.9702110000002762,23.0,79.0,1.3440026114510182
565,0.9724690000001424,33.0,69.0,1.3459671721482969
566,1.0962279999997548,37.0,65.0,1.5239607969371598
567,0.9646170000001675,23.0,79.0,1.4400570868868876
568,1.0849379999999798,37.0,65.0,1.496470696289658
569,0.9215320000000027,34.0,68.0,1.5212560058006475
570,0.9702599999998895,27.0,75.0,1.6245697537589308
571,1.6038950000001329,24.0,78.0,1.684261946520973
572,1.4797079999997464,33.0,69.0,1.6841314208878893
573,2.1074770000000242,21.0,81.0,1.554064835913764
574,1.3940460000001487,17.0,85.0,1.575855687343457
575,1.3615769999999472,29.0,73.0,1.7081348870429536
576,0.8359090000000791,35.0,67.0,1.5268556317345676
577,1.4146259999998634,17.0,85.0,1.6539946201786329
578,1.536349999999853,25.0,77.0,1.5474900437349781
579,1.8293510000000346,26.0,76.0,1.5060938255753022
580,1.60883200000006,11.0,91.0,1.407889841871711
581,0.8277159999998673,34.0,68.0,1.3897899018158413
582,0.9463479999998192,27.0,75.0,1.4768110615862369
583,0.9213329999999686,27.0,75.0,1.5259236514960477
584,1.0357810000001244,23.0,79.0,1.5190825687005138
585,0.9387390000004103,20.0,82.0,1.4449147998987732
586,0.9950540000001062,32.0,70.0,1.5687838243629308
587,0.9998719999999572,31.0,71.0,1.4305470949230847
588,0.9742209999998863,35.0,67.0,1.4947126922605793
589,0.7835969999998582,32.0,70.0,1.5876072667201366
590,0.935184999999894,33.0,69.0,1.54925794027815
591,0.8044259999997472,35.0,67.0,1.5490686276872683
592,0.7605760000002348,35.0,67.0,1.412462437537899
593,0.8829959999996362,33.0,69.0,1.4084454819533268
594,0.8088029999999691,18.0,84.0,1.3378480642120283
595,1.4219060000000283,15.0,87.0,1.3734640431513074
596,3.9956640000000654,22.0,80.0,1.2883716221964714
597,1.5155729999998258,17.0,85.0,1.3952504084291555
598,1.3345180000001733,33.0,69.0,1.4119753302017883
599,0.9939700000001217,24.0,78.0,1.3029340408083327
600,2.1395850000001104,15.0,87.0,1.305579227281403
601,0.9807699999999642,27.0,75.0,1.351661667628857
602,0.8552240000003763,22.0,80.0,1.3179440073870772
603,0.9061369999998625,27.0,75.0,1.2738470460418205
604,1.3538039999998475,23.0,79.0,1.2728421418607574
605,0.8327060000001829,18.0,84.0,1.158098008426375
606,0.9158810000000628,22.0,80.0,1.1200403402528956
607,0.7521760000002153,23.0,79.0,1.1086368879736106
608,0.8351840000000443,-2.0,104.0,1.0500991133500406
609,0.661928999999617,22.0,80.0,1.0624926020873686
610,0.6505759999999583,22.0,80.0,1.024038170330067
611,0.7879850000001021,19.0,83.0,1.0079121757026364
612,0.9022409999999148,28.0,74.0,1.2050843351918807
613,0.8712110000002049,26.0,76.0,1.3849393000487216
614,0.8082730000000815,31.0,71.0,1.4780612236881847
615,1.2387700000000557,25.0,77.0,1.5793690352315093
616,0.7106789999999918,20.0,82.0,1.6963395444230212
617,0.7589980000002328,17.0,85.0,1.620181802229622
618,0.8339379999999785,30.0,72.0,1.5857378309827486
619,1.0020439999998132,22.0,80.0,1.5589824296047898
620,1.2734469999999831,19.0,83.0,1.5904612048859772
621,0.8290919999995872,22.0,80.0,1.6314754353264678
622,0.7973009999999725,27.0,75.0,1.4374687029490059
623,0.8944390000000801,11.0,91.0,1.335204920924302
624,1.165693999999995,33.0,69.0,1.3635890368789005
625,0.867500000000021,26.0,76.0,1.3204698971697055
626,0.6688269999997054,26.0,76.0,1.2954240139194575
627,1.2213260000000226,12.0,90.0,1.2981304721124751
628,0.910038000000224,24.0,78.0,1.3548130796107962
629,0.796749000000041,22.0,80.0,1.3582799799845582
630,0.9426329999997485,22.0,80.0,1.2933367428029272
631,1.3821119999999354,29.0,73.0,1.2754436677111385
632,1.9972600000000007,26.0,76.0,1.3941348569183512
633,1.7929489999999326,22.0,80.0,1.3254019140417754
634,1.4890900000001928,16.0,86.0,1.2084281554732237
635,0.9790339999997677,28.0,74.0,1.3049278707777823
636,1.4130989999996402,37.0,65.0,1.2753767260535767
637,0.8105380000000828,19.0,83.0,1.3131868939168556
638,2.316871000000109,23.0,79.0,1.359468920708411
639,1.710305000000023,29.0,73.0,1.3869671107455985
640,2.450646000000223,18.0,84.0,1.5004992457164334
641,1.8127709999999908,17.0,85.0,1.5043540964301507
642,1.5748780000000018,15.0,87.0,1.5237933780387016
643,2.1472220000000597,0.0,102.0,1.6187672084522482
644,1.756691000000199,35.0,67.0,1.6221886476901866
645,1.6679040000000533,32.0,70.0,1.584247907982104
646,1.7121210000001774,21.0,81.0,1.6463794008657935
647,2.04137400000004,32.0,70.0,1.6984317177966837
648,1.8629329999999555,27.0,75.0,1.637592600280287
649,1.6702020000001205,28.0,74.0,1.6573664115355087
650,1.7868620000003332,15.0,87.0,1.5536032277532101
651,1.5228910000000262,26.0,76.0,1.60780145299346
652,1.7659750000000862,22.0,80.0,1.63649745478617
653,0.9856529999998642,29.0,73.0,1.5948942541583464
654,1.6277219999998316,14.0,88.0,1.5350605382990756
655,1.2306840000002595,35.0,67.0,1.461024104652246
656,1.8419490000001204,14.0,88.0,1.4121552732557283
657,1.0248279999998111,28.0,74.0,1.304625308144298
658,1.8075770000001157,29.0,73.0,1.2930715472203442
659,1.9942890000002045,32.0,70.0,1.1949834469923237
660,1.5481199999998196,36.0,66.0,1.245249510014961
661,2.1031169999998767,30.0,72.0,1.2280505216699742
662,4.134427999999968,21.0,81.0,1.1413933011373976
663,1.9460339999999299,25.0,77.0,1.1572509935477489
664,1.9222050000000657,17.0,85.0,1.238353987481767
665,1.6227730000002438,16.0,86.0,1.217383123064585
666,1.1224329999999227,25.0,77.0,1.1880281199906746
667,5.5258709999996825,29.0,73.0,1.3061796602555398
668,1.5366489999997235,6.0,96.0,1.2689992381895345
669,1.7950600000000705,31.0,71.0,1.271822635224985
670,1.7887600000001669,29.0,73.0,1.2837571073710385
671,2.09295499999973,22.0,80.0,1.1596697491230734
672,1.7291010000000107,25.0,77.0,1.0793151853479181
673,1.817516000000019,22.0,80.0,1.1494521218842273
674,2.3426149999998813,23.0,79.0,1.2149838495437124
675,3.7064589999999953,32.0,70.0,1.325803199617691
676,2.207249000000022,8.0,94.0,1.2692186768668137
677,2.7166699999998656,28.0,74.0,1.2721057343848599
678,3.7747619999999316,25.0,77.0,1.4330778284502188
679,2.1726380000002266,24.0,78.0,1.511918333478674
680,3.391336000000411,34.0,68.0,1.4867770667282016
681,2.4403600000000303,19.0,83.0,1.5864065279186577
682,2.384639999999827,28.0,74.0,1.626455242201547
683,1.615072999999967,20.0,82.0,1.5451686286346877
684,2.0401199999997566,20.0,82.0,1.4091477112878756
685,3.8000000000000256,8.0,94.0,1.2948391698224178
686,2.2250139999999696,17.0,85.0,1.4085064964078449
687,1.7140110000002373,30.0,72.0,1.3521129526526956
688,2.7038050000003366,21.0,81.0,1.2547191412085426
689,11.81272400000033,23.0,79.0,1.2307574326793904
690,1.6700130000000257,22.0,80.0,1.2998232872991942
691,1.97704200000004,17.0,85.0,1.3423629283592113
692,2.3842869999999294,23.0,79.0,1.3313468809890936
693,1.7688360000001069,33.0,69.0,1.247511588755854
694,1.5100939999999063,17.0,85.0,1.3396864978457441
695,1.4261010000002905,15.0,87.0,1.3402453187911132
696,2.3988169999999975,31.0,71.0,1.2674829589410632
697,1.6036090000000058,18.0,84.0,1.2516949589489914
698,2.8834859999999907,20.0,82.0,1.2319683112550077
699,1.4786520000003023,26.0,76.0,1.2995558435488253
700,5.084601000000077,22.0,80.0,1.2038865372669736
701,0.9789119999998874,23.0,79.0,1.1019750694481427
702,1.6355169999999752,37.0,65.0,1.2036961161152209
703,0.9913969999999495,37.0,65.0,1.3096055980162575
704,2.0743800000002643,27.0,75.0,1.3092240501552852
705,2.0302339999997976,22.0,80.0,1.4438138051321132
706,1.6493490000000222,26.0,76.0,1.5583668861724433
707,1.7515420000000503,22.0,80.0,1.6005062554635572
708,1.3677990000000584,27.0,75.0,1.6878791506721966
709,1.3947739999999875,26.0,76.0,1.6801554230888152
710,1.4507419999998383,25.0,77.0,1.7627647997861182
711,1.8017960000000777,18.0,84.0,1.710667202343518
712,0.9985200000000027,34.0,68.0,1.7583585860095767
713,2.744354000000282,25.0,77.0,1.6982365843425797
714,1.128220000000013,28.0,74.0,1.7390029639038374
715,2.594843999999874,23.0,79.0,1.644324380167869
716,1.7032570000004021,28.0,74.0,1.5796209934899466
717,4.897920999999972,17.0,85.0,1.5181666412529389
718,1.7138509999998774,28.0,74.0,1.5467936191853888
719,1.6691930000001243,26.0,76.0,1.4812186283253141
720,1.429288000000195,23.0,79.0,1.466233079697173
721,1.8885730000000045,21.0,81.0,1.496531220982724
722,1.5855029999998216,30.0,72.0,1.3469145203369295
723,1.9298929999997938,26.0,76.0,1.485053890161717
724,2.354266000000216,25.0,77.0,1.4140623787646063
725,1.6337779999999746,24.0,78.0,1.4552573133592914
726,1.609624999999948,29.0,73.0,1.4770220006754884
727,1.4893869999998977,17.0,85.0,1.5027036713466444
728,1.8123380000001355,24.0,78.0,1.3794722323367181
729,1.5785540000003984,23.0,79.0,1.4630045590672023
730,3.94410299999981,20.0,82.0,1.4022740611791373
731,1.9418689999999295,20.0,82.0,1.3237114293311545
732,1.9701290000000427,25.0,77.0,1.3280699176902455
733,1.5368239999999922,18.0,84.0,1.3192847784029105
734,1.5160220000001168,19.0,83.0,1.2380335407418024
735,1.533976000000159,28.0,74.0,1.1316421487229238
736,2.4931300000003986,25.0,77.0,1.1465831354411211
737,1.8095389999999156,18.0,84.0,1.168569591362323
738,2.3713850000000036,15.0,87.0,1.1729231867067351
739,1.7117010000000654,37.0,65.0,1.062346564074486
740,1.611390999999962,15.0,87.0,1.1524353052601435
741,1.4891230000002587,34.0,68.0,1.2298199313876346
742,1.6572290000000933,8.0,94.0,1.2707958445438337
743,3.679208999999961,16.0,86.0,1.230814312511359
744,1.8439680000001957,20.0,82.0,1.378203536935052
745,2.3631170000002477,23.0,79.0,1.4092043052243384
746,1.5368740000001324,20.0,82.0,1.311313716080376
747,1.977505000000157,19.0,83.0,1.362521858164532
748,1.5954179999999596,29.0,73.0,1.3772756668709945
749,2.8102350000001053,28.0,74.0,1.5312228067718656
750,14.20848000000019,7.0,95.0,1.434851301989287
751,11.636600999999747,26.0,76.0,1.3694433672275543
752,12.57392000000035,23.0,79.0,1.3286303050942039
753,7.372941000000299,36.0,66.0,1.2465048723783703
754,1.4051309999998374,36.0,66.0,1.14554955499473
755,3.7382090000002144,29.0,73.0,1.1638237793517363
756,3.6659000000001107,30.0,72.0,1.2476187191120645
757,1.841779999999904,26.0,76.0,1.2765672958614274
758,8.933953000000106,35.0,67.0,1.2135228368258475
759,10.329419000000062,22.0,80.0,1.046833281483422
760,5.527816000000296,21.0,81.0,1.0537224402155665
761,12.597473999999664,32.0,70.0,1.1785254137169887
762,6.4377909999997485,22.0,80.0,1.1738780437595657
763,1.4791949999999332,9.0,93.0,1.2538954940993676
764,1.5491909999996167,16.0,86.0,1.2416931205902473
765,1.6381880000002624,22.0,80.0,1.2279552256998456
766,7.261291999999919,33.0,69.0,1.1875986217925871
767,6.173190000000162,22.0,80.0,1.0841119608558991
768,11.424222999999678,34.0,68.0,1.148864171495783
769,2.226696000000139,26.0,76.0,1.2129144294626577
770,1.5808299999999775,13.0,89.0,1.2144821467176485
771,1.7952460000003612,15.0,87.0,1.1554619818924792
772,3.87832300000035,11.0,91.0,1.2213118047052667
773,13.238099999999697,29.0,73.0,1.1756365581844286
774,3.491373000000131,18.0,84.0,1.2605120608597893
775,3.7417120000000637,36.0,66.0,1.3777032501195514
776,7.467153000000337,29.0,73.0,1.4550630578955939
777,1.9344260000000446,21.0,81.0,1.5214626250411285
778,10.751953000000647,22.0,80.0,1.6183365761442972
779,1.7485439999997965,19.0,83.0,1.6124097238113066
780,1.5753309999997356,19.0,83.0,1.6943764689157939
781,1.7656779999999372,28.0,74.0,1.6666596502540532
782,3.7103390000003955,33.0,69.0,1.6433191870767796
783,2.220150999999504,13.0,89.0,1.5863259158759415
784,3.447396999999519,7.0,95.0,1.5652431580123642
785,1.5085550000000225,26.0,76.0,1.4572338326136798
786,3.902819000000335,28.0,74.0,1.4286371526390371
787,1.545877999999945,25.0,77.0,1.3555217335514325
788,1.5718969999998222,6.0,96.0,1.3226205878454305
789,2.9366439999991556,21.0,81.0,1.4156764071615395
790,1.2976990000002075,21.0,81.0,1.5235538331094158
791,4.13808999999965,25.0,77.0,1.5847197986184554
792,1.8492419999995846,26.0,76.0,1.5446573160682404
793,1.8456439999994245,25.0,77.0,1.59385571935722
794,2.2617280000005735,25.0,77.0,1.6434207421257063
795,4.587859000000805,23.0,79.0,1.7200347623163246
796,4.300590999999798,21.0,81.0,1.7976648570842273
797,1.9069859999998329,29.0,73.0,1.802439776510378
798,1.2444929999997356,16.0,86.0,1.6721006838114874
799,1.8424630000000164,14.0,88.0,1.6109120830242283
800,1.8719969999994035,25.0,77.0,1.5477090073374478
801,1.5317939999999197,20.0,82.0,1.4775915195752851
802,1.7514479999993782,25.0,77.0,1.55239110656575
803,2.2953490000006127,23.0,79.0,1.5448754906096724
804,1.5196309999998547,23.0,79.0,1.5175277615520641
805,1.573060000000126,34.0,68.0,1.4292457319974545
806,6.241576999999943,23.0,79.0,1.3185897562888393
807,1.396159000000452,19.0,83.0,1.3251132389972604
808,1.7808280000002341,30.0,72.0,1.4567989716896677
809,1.869627999999679,31.0,71.0,1.5522241587574919
810,1.8071800000001303,18.0,84.0,1.4907488210108504
811,2.81281699999969,23.0,79.0,1.5841368630859969
812,1.6307170000002813,7.0,95.0,1.584702623633251
813,11.11631000000024,30.0,72.0,1.5591049105710773
814,1.4765539999999078,31.0,71.0,1.5858519265988114
815,2.6870549999999938,17.0,85.0,1.596170252606509
816,6.687561999999758,17.0,85.0,1.649588554226689
817,6.4544610000005775,36.0,66.0,1.6043443035828715
818,4.976369999999619,25.0,77.0,1.591275150133106
819,3.923099999999735,15.0,87.0,1.553631945502707
820,6.250275999999388,33.0,69.0,1.6471229839069905
821,7.817880000000166,30.0,72.0,1.5574096511601851
822,6.848008000000405,13.0,89.0,1.494402321779269
823,3.795890000000135,22.0,80.0,1.6202542724828093
824,4.7919710000003946,22.0,80.0,1.5777430341964311
825,4.96860800000043,26.0,76.0,1.5433774688371038
826,7.8220220000000396,9.0,93.0,1.4227971011626923
827,4.289137000000665,38.0,64.0,1.47997876408735
828,4.517889999999802,19.0,83.0,1.4441091260970285
829,4.86917699999978,14.0,88.0,1.3718982365362637
830,3.5907760000002398,28.0,74.0,1.2719101993411652
831,5.135315000000418,33.0,69.0,1.278873446737205
832,3.350837000000162,31.0,71.0,1.3900650235185208
833,4.31125799999954,2.0,100.0,1.345113899782471
834,3.8438850000002134,12.0,90.0,1.3236548442898854
835,4.657214999999937,38.0,64.0,1.3876789064222497
836,4.5889479999994265,30.0,72.0,1.3893839458212334
837,6.379918999999568,39.0,63.0,1.3501487661246159
838,3.3940229999993576,30.0,72.0,1.4784563979702192
839,4.320246999999888,32.0,70.0,1.473653142766264
840,5.613357000000541,28.0,74.0,1.4991429737519995
841,4.2631530000001305,7.0,95.0,1.476174770802558
842,3.52248200000016,25.0,77.0,1.3976389099126052
843,4.721080999999572,20.0,82.0,1.3303782523838243
844,5.393348000000131,19.0,83.0,1.2923641689576044
845,17.09372000000009,21.0,81.0,1.262897767990254
846,4.044175999999844,20.0,82.0,1.2662507122850415
847,5.141982999999684,15.0,87.0,1.3696619464836146
848,4.006186999999883,31.0,71.0,1.2513147617127856
849,4.616051000000176,22.0,80.0,1.348193344479632
850,5.1218060000000065,27.0,75.0,1.2583637585994496
851,3.737626999999577,19.0,83.0,1.3168439370546436
852,3.5378789999995774,32.0,70.0,1.436711270802404
853,4.730395000000165,19.0,83.0,1.3755624228608105
854,3.061508000000046,18.0,84.0,1.5193463143333914
855,3.5552359999995176,21.0,81.0,1.486856390540607
856,4.266309000000135,24.0,78.0,1.5253116846428363
857,3.7858870000002653,25.0,77.0,1.411529652421209
858,5.12484799999946,28.0,74.0,1.322693960150854
859,3.383050000000054,26.0,76.0,1.2816422981325097
860,3.9993089999992293,18.0,84.0,1.2828348217399796
861,3.3138440000000102,26.0,76.0,1.2796415008580726
862,4.0121020000007945,27.0,75.0,1.1303039835759807
863,4.967675999999699,34.0,68.0,1.1759911158521863
864,4.067765999999473,27.0,75.0,1.1647630988856084
865,4.267330000000236,18.0,84.0,1.2642216946202818
866,2.9186179999998174,30.0,72.0,1.3540992822092992
867,5.733955000000179,15.0,87.0,1.414817158199813
868,4.35429200000037,6.0,96.0,1.5594872469969563
869,5.087371000000118,28.0,74.0,1.5484808147774405
870,4.134057999999996,7.0,95.0,1.5766305876762992
871,4.151107000000209,18.0,84.0,1.5325986508477165
872,2.5603959999997983,27.0,75.0,1.5478738992996548
873,2.410228999999653,28.0,74.0,1.5106812730294827
874,4.555271000000083,27.0,75.0,1.383202155087711
875,2.536360999999765,24.0,78.0,1.290528027693032
876,3.665793999999778,35.0,67.0,1.2337175745887117
877,3.7415379999998777,13.0,89.0,1.3102024873883231
878,2.6162040000006215,15.0,87.0,1.2055501537273436
879,2.2494030000004273,32.0,70.0,1.1337002563855727
880,3.4007860000002665,15.0,87.0,1.2076777221990576
881,1.0922679999998408,14.0,88.0,1.2509245029569982
882,1.4358819999999994,17.0,85.0,1.2432606792399021
883,1.1523549999994387,18.0,84.0,1.2988325950154114
884,1.4364289999999613,21.0,81.0,1.2940104675174815
885,0.9982889999999855,25.0,77.0,1.280475765444141
886,1.5948649999995013,25.0,77.0,1.3055850135711502
887,1.4117789999996688,34.0,68.0,1.1769775266662932
888,1.8536499999992628,17.0,85.0,1.1388590398547447
889,1.5179409999994675,19.0,83.0,1.1009259822952224
890,1.2909079999996464,30.0,72.0,1.0059005968813242
891,0.9770339999999322,22.0,80.0,1.1082865466878498
892,2.122265000000567,33.0,69.0,1.1038327495636746
893,1.4933800000003217,26.0,76.0,1.0575222566807945
894,1.3943400000000494,34.0,68.0,1.0151517512813548
895,1.692441000000322,27.0,75.0,1.1547198298649248
896,1.7154440000002324,21.0,81.0,1.0944365733954058
897,7.093801000000788,24.0,78.0,1.092927844463754
898,2.056747999999331,4.0,98.0,1.1078030027582781
899,2.7384839999999855,26.0,76.0,1.2050626864058984
900,1.864108000000364,14.0,88.0,1.2725562799190615
901,1.884559999999702,27.0,75.0,1.0954177674155414
902,1.7335029999996365,20.0,82.0,1.1134816900410311
903,1.6631860000000387,18.0,84.0,1.1801163198319322
904,1.5047729999997372,21.0,81.0,1.228499547471295
905,1.4733950000005436,16.0,86.0,1.2115906868479094
906,4.106939999999781,32.0,70.0,1.2508172799073087
907,1.859502999999485,15.0,87.0,1.2766167344115131
908,2.3555369999996856,16.0,86.0,1.3011231626309496
909,1.915029000000068,10.0,92.0,1.2333713578339343
910,1.80200099999972,33.0,69.0,1.2669755976693184
911,1.135591000000602,30.0,72.0,1.3465477041900282
912,1.1468600000004159,26.0,76.0,1.269487006927746
913,1.6760170000003072,23.0,79.0,1.2536218531938563
914,2.2912919999997783,29.0,73.0,1.2724905554341173
915,3.4202830000005235,21.0,81.0,1.2067485445216408
916,1.575962999999625,36.0,66.0,1.212163856896869
917,1.5792590000005546,4.0,98.0,1.1631317031566728
918,0.9612959999998338,29.0,73.0,1.2702879367059938
919,1.0564329999995792,14.0,88.0,1.3639162541156087
920,1.3349000000006939,19.0,83.0,1.250749484676848
921,0.9058919999995751,29.0,73.0,1.1696215968039212
922,1.5677410000005665,11.0,91.0,1.273860311996345
923,1.841957999999977,30.0,72.0,1.2569855422477558
924,1.1865769999994669,32.0,70.0,1.184995615630508
925,1.3366559999994365,18.0,84.0,1.1377266270535333
926,0.972983999999677,28.0,74.0,1.1517999045542477
927,1.4518670000001066,24.0,78.0,1.2321977257077061
928,2.064447999999608,33.0,69.0,1.2432255144547593
929,1.7192029999995029,17.0,85.0,1.239147868500569
930,1.8556690000002263,31.0,71.0,1.2555796203703888
931,1.4885559999999742,21.0,81.0,1.3817754177846058
932,1.1122359999999887,15.0,87.0,1.4045736553259016
933,1.9412360000004014,20.0,82.0,1.430396916241646
934,2.2319460000002067,18.0,84.0,1.4693315398359936
935,1.22834699999963,24.0,78.0,1.5522240567670345
936,1.5477219999997516,36.0,66.0,1.443260365878006
937,1.5026049999997682,24.0,78.0,1.3942325917187752
938,1.020586000000101,14.0,88.0,1.293658079534692
939,0.9359929999996908,2.0,100.0,1.2375097924665048
940,1.34056799999982,23.0,79.0,1.3586762096527145
941,1.7641059999995434,26.0,76.0,1.328246541137237
942,1.6962939999993765,29.0,73.0,1.2168723539552893
943,1.7098870000005206,-5.0,107.0,1.2314963813279491
944,1.9641019999996345,30.0,72.0,1.2273193018807569
945,1.6521609999999853,23.0,79.0,1.117166678439564
946,1.7814740000003937,28.0,74.0,1.1473059219524955
947,1.3414489999998835,23.0,79.0,1.16935904737893
948,1.0944259999998707,29.0,73.0,1.1107126065894974
949,1.2985360000001833,32.0,70.0,1.1239064477209908
950,1.7374940000003392,29.0,73.0,1.1473726284876733
951,1.3174489999991934,33.0,69.0,1.1701636220548095
952,1.1671150000003294,19.0,83.0,1.1558117843965974
953,1.5697680000004155,26.0,76.0,1.0866259117612995
954,1.8967959999995898,20.0,82.0,1.0692813313103788
955,1.7685030000000879,33.0,69.0,1.132922884654597
956,0.7010040000006157,21.0,81.0,1.2401479247686933
957,1.0681889999997196,18.0,84.0,1.2842304245860081
958,1.1677670000000973,13.0,89.0,1.3815429927547864
959,1.8780199999994807,33.0,69.0,1.3881947488998851
960,1.208469999999906,15.0,87.0,1.3968110306444903
961,1.455529000000233,7.0,95.0,1.3554247906029206
962,1.2954829999998196,25.0,77.0,1.460431943767377
963,1.9577450000003438,10.0,92.0,1.5715326065657707
964,0.9493849999993031,36.0,66.0,1.6628172310331764
965,1.0223260000001844,39.0,63.0,1.637101733952386
966,1.323133999999726,9.0,93.0,1.4978503122057176
967,1.1181880000004085,18.0,84.0,1.5051752568964367
968,0.9939829999998651,21.0,81.0,1.4703965748923635
969,1.11633599999994,36.0,66.0,1.3866336363910394
970,1.0725400000000107,21.0,81.0,1.207133620824735
971,0.829624999999723,22.0,80.0,1.2284622915704302
972,0.8766410000005109,25.0,77.0,1.1415832432807425
973,1.0577899999999474,26.0,76.0,1.1787838295192363
974,0.8656770000001757,23.0,79.0,1.1954112798609917
975,0.9289610000005055,35.0,67.0,1.3439442800081998
976,1.3455000000002215,16.0,86.0,1.446550278850769
977,1.2243410000003507,35.0,67.0,1.384068342453917
978,0.7828869999997323,33.0,69.0,1.3937959734187535
979,1.0371199999994474,17.0,85.0,1.524391163965701
980,1.0503319999992655,30.0,72.0,1.6161271553909367
981,0.9261870000001338,27.0,75.0,1.7132865139095486
982,1.0725890000005123,25.0,77.0,1.7170196528155266
983,1.1268749999997496,26.0,76.0,1.5999496098157493
984,2.0841100000001944,7.0,95.0,1.649513835524766
985,0.7188889999998338,25.0,77.0,1.4853661906637954
986,1.1241379999997747,23.0,79.0,1.407637232019011
987,0.9923739999999626,22.0,80.0,1.4083618282663735
988,1.0315250000001441,35.0,67.0,1.3690128211323205
989,0.9447090000005431,35.0,67.0,1.2330098313288795
990,0.8466349999993739,27.0,75.0,1.2095782985023058
991,0.9063700000000452,11.0,91.0,1.0935908631077944
992,0.9763179999993099,34.0,68.0,1.1708668063247063
993,1.077596000000014,22.0,80.0,1.2029494733531565
994,0.8853489999998132,26.0,76.0,1.1205601895383752
995,1.1286139999997502,23.0,79.0,1.160539007881139
996,1.25308199999985,27.0,75.0,1.2296050878017497
997,0.8647669999994889,18.0,84.0,1.1917642004022784
998,0.8385389999991943,22.0,80.0,1.3158431094085823
999,1.2683259999999308,21.0,81.0,1.4320199913236749
1000,1.184476999999795,13.0,89.0,1.4550203585953851
